num_particles,geometry_manager_time,run_manager_time,total_time
100000,0.40137844110140575,1.4088817739990191,1.8102608630011674
500000,0.4153476895022322,1.9811956216974067,2.3965439023028012
1000000,0.43334682370041266,2.678947452401917,3.1122948511998403
2000000,0.4412044112017611,3.58734038790426,4.0285453479024
6000000,0.48135876810119954,12.34814898249897,12.82950847599859
10000000,0.548396509399754,24.963022034299502,25.511419226702127
