Xe_index,PTE
0.5,0.0033966
0.51,0.0034542
0.52,0.0033764
0.53,0.0034358
0.54,0.0034202
0.55,0.0033884
