k_si,n_si,pte_8,pte_8_error,pte_4,pte_4_error
0.5,0.5,0.0032795,4.049382669000301e-05,0.002571,3.585387008399512e-05
0.5,1.5,0.0014495,2.6921181251943608e-05,0.0013815,2.628212320190285e-05
1.5,0.5,0.0031775,3.9859126934743565e-05,0.002502,3.536947836765479e-05
1.5,1.5,0.001976,3.1432467291003425e-05,0.0017165,2.9295904150580506e-05
2.5,0.5,0.0036015,4.2435244785437494e-05,0.0028115,3.7493332740635367e-05
2.5,1.5,0.002552,3.5721142198983504e-05,0.0020575,3.207413287993925e-05
